timestamp,open,high,low,close,volume,close_time,quote_av,trades,tb_base_av,tb_quote_av,ignore
2020-08-18,2.09,4.44,2.0,3.1,6039881.97,1597795199999,18375373.392336,22593,3458952.5,10596741.994703999,0
2020-08-19,3.1,3.1999,2.64,2.95,15895774.92,1597881599999,47558321.633254,75075,9037381.99,27152372.2278,0
2020-08-20,2.9449,3.1111,2.6,2.9,11040863.6,1597967999999,31457410.866816998,53797,5189595.84,14890085.872345,0
2020-08-21,2.8978,3.09,2.6826,2.833,9765153.74,1598054399999,28393535.853484,50378,5164025.18,15030060.894737,0
2020-08-22,2.8387,4.55,2.782,4.4546,41611476.51,1598140799999,158038898.765092,289179,23427260.15,88968596.115353,0
2020-08-23,4.4756,4.4864,3.7032,3.9779,23845309.65,1598227199999,95428986.261665,175491,11759754.05,47013688.94093,0
2020-08-24,3.9805,4.7983,3.78,4.5759,25843953.12,1598313599999,109846588.655713,189041,14601332.13,61886451.255408,0
2020-08-25,4.5759,5.77,4.48,5.5412,39457369.99,1598399999999,198629064.460091,335897,21588604.34,108864420.93421899,0
2020-08-26,5.5412,6.57,5.1015,6.0708,37811519.74,1598486399999,220764309.967986,323009,22195096.63,129604659.564569,0
2020-08-27,6.0708,6.8,5.2001,5.6547,42626336.42,1598572799999,254544768.74831802,342856,21248677.32,127146658.69595,0
2020-08-28,5.6569,6.35,5.4620000000000015,6.1812,24019172.63,1598659199999,143282994.413159,219336,12411549.07,73969909.30803199,0
2020-08-29,6.1769,6.556,6.0032,6.1333,15360444.96,1598745599999,96738124.107342,158107,7888550.45,49695817.081734,0
2020-08-30,6.1339,6.251,5.6999,5.8912,13266535.91,1598831999999,79304141.69388,152937,6823989.8,40802286.923813,0
2020-08-31,5.8875,6.4662,5.7541,6.2718,13564047.71,1598918399999,83178113.342485,156933,6839851.84,41888927.53428301,0
2020-09-01,6.2712,6.8619,6.12,6.239,16330264.82,1599004799999,105652410.569904,190791,8011059.78,51898427.006216,0
2020-09-02,6.24,6.4472,5.58,6.1374,15500500.04,1599091199999,93395820.33023399,180233,7477224.91,45155970.417901,0
2020-09-03,6.1375,6.3325,5.5471,5.6743,21239867.51,1599177599999,127670120.658439,210984,10121518.46,60968416.183787,0
2020-09-04,5.6743,5.99,4.5,5.1019,28314850.39,1599263999999,149896428.923211,243715,13893028.85,73838844.401612,0
2020-09-05,5.0987,5.3147,3.5321,4.1456,32791302.31,1599350399999,143610169.19112802,256705,15037552.05,66139254.947862,0
2020-09-06,4.1456,4.921,3.7298,4.784,23608694.54,1599436799999,104476521.403038,184455,11878282.29,52716489.385523,0
2020-09-07,4.7849,4.8367,4.001,4.5944,16089613.82,1599523199999,70783102.01142299,135886,7828589.32,34449700.874609,0
2020-09-08,4.5967,4.6339,4.1067,4.2787,10449746.7,1599609599999,45273756.942433,78684,4945532.85,21432968.79637,0
2020-09-09,4.2657,4.7935,4.077,4.7003,11225976.14,1599695999999,50401817.278242,88997,5410628.26,24333111.750157997,0
2020-09-10,4.7003,4.8894,4.4308,4.5796,9912392.07,1599782399999,46053296.665892,78092,4425894.77,20558264.200705,0
2020-09-11,4.5781,4.75,4.31,4.6498,9013005.18,1599868799999,40569470.753882,73965,4263128.71,19158082.117428,0
2020-09-12,4.6433,5.296,4.4998,5.1385,12566058.18,1599955199999,61409150.776726,103823,6023905.07,29398052.2814,0
2020-09-13,5.1379,5.4771,4.7668,5.3213,16262645.74,1600041599999,83366010.768212,137138,7916085.27,40518800.289768,0
2020-09-14,5.3198,5.5761,5.0911,5.3555,14288009.6,1600127999999,76292313.572999,131805,6916494.55,36947841.162626,0
2020-09-15,5.3597,5.45,5.012,5.0535,10306445.21,1600214399999,54210373.801356,95819,4976218.84,26174206.30004,0
2020-09-16,5.0535,5.28,4.9578,5.0712,8102718.15,1600300799999,41274456.703631,74112,4043855.7,20614504.578778,0
2020-09-17,5.0739,5.4261,5.043,5.3354,10973999.33,1600387199999,57511699.70396701,107941,5456535.33,28569294.079056,0
2020-09-18,5.3313,5.455,5.0939,5.2616,7241901.56,1600473599999,38069226.660935,85065,3597883.04,18924951.861764006,0
2020-09-19,5.2595,5.263999999999999,4.7862,4.9239999999999995,6124417.44,1600559999999,30794741.088753004,62749,3115610.11,15637164.979547,0
2020-09-20,4.9205,4.9707,4.3715,4.6518,11400427.77,1600646399999,52953401.248454995,109144,6252919.6,28974787.805843,0
2020-09-21,4.6560000000000015,4.6969,3.91,4.0691,18249034.01,1600732799999,76679925.47609201,164108,9088378.82,38291106.868731,0
2020-09-22,4.07,4.2103,3.9,4.1625,8023448.28,1600819199999,32710887.50394,71397,3790227.25,15465657.314079998,0
2020-09-23,4.1623,4.3241,3.94,4.0077,9432617.01,1600905599999,38859121.12848499,83223,4551523.19,18767859.250716,0
2020-09-24,4.0128,4.49,3.9616,4.3782,8363967.02,1600991999999,35564854.18027,82064,4216748.81,17929793.975207,0
2020-09-25,4.3784,4.5299,4.2410000000000005,4.4139,6666492.08,1601078399999,29115518.960414,66308,3309377.66,14457225.424761,0
2020-09-26,4.4139,4.4819,4.224,4.3308,3890876.06,1601164799999,16891450.714135002,41073,1830395.9,7946304.849818,0
2020-09-27,4.3329,4.3641,4.1152,4.2962,3814327.15,1601251199999,16170603.463626001,39322,1839275.22,7798387.855578999,0
2020-09-28,4.2999,4.5939,4.2474,4.4501,9835916.81,1601337599999,43671163.470051,85541,4678442.48,20770616.290103,0
2020-09-29,4.45,4.6112,4.331,4.4969,7753017.85,1601423999999,34774996.961177,75852,3587236.33,16105605.237743,0
2020-09-30,4.497,4.5,4.2288,4.3458,4418266.77,1601510399999,19247738.974639002,43336,2282405.25,9949099.215238001,0
2020-10-01,4.3459,4.5858,4.2317,4.3468,7358246.56,1601596799999,32447493.78143,64032,3886380.31,17123066.382625,0
2020-10-02,4.3427,4.3621,3.8882,4.1282,7748588.83,1601683199999,31624107.029144,69895,3538392.39,14449141.161392001,0
2020-10-03,4.128,4.1349,4.0263,4.0607,3078936.51,1601769599999,12583124.647453,27152,1487616.47,6081779.383006,0
2020-10-04,4.0606,4.199,4.0111,4.177,2792994.5,1601855999999,11467093.872754,27625,1420514.05,5837255.923802,0
2020-10-05,4.1744,4.25,4.106,4.1621,4362181.16,1601942399999,18272535.171666,36387,2212184.78,9269965.163052,0
2020-10-06,4.1589,4.18,3.6060000000000003,3.7465,9256379.98,1602028799999,36200442.747869,82176,4322095.25,16904107.41468,0
2020-10-07,3.7461,3.8964,3.6,3.8517,8599075.85,1602115199999,32357646.136783,72796,4342934.15,16357243.99669,0
2020-10-08,3.8538,4.1625,3.6333,4.1163,8531658.6,1602201599999,33198573.053645,77723,4273759.0,16632369.958384,0
2020-10-09,4.1145,4.35,4.0087,4.2541,6400372.85,1602287999999,26790390.286398,61822,3224519.67,13498488.143508,0
2020-10-10,4.2546,4.489,4.23,4.2606,5182487.56,1602374399999,22540088.826369,52376,2549406.08,11091352.62919,0
2020-10-11,4.2579,4.3355,4.1683,4.245,3675666.58,1602460799999,15617937.695164,38117,1781470.74,7571141.375283,0
2020-10-12,4.2464,4.4501,4.1899,4.3075,6228123.12,1602547199999,27013072.904984,59521,3105047.43,13473024.604883,0
2020-10-13,4.3099,4.3464,4.1302,4.2473,4643179.26,1602633599999,19771038.842639007,37207,2243912.32,9549997.513675999,0
2020-10-14,4.2515,4.3795,4.0836,4.1829,5239195.66,1602719999999,22247127.96231,44525,2647735.1,11234664.897614999,0
2020-10-15,4.1816,4.1873,4.02,4.099,3826663.78,1602806399999,15744975.025034,35415,1937616.17,7974148.369972999,0
2020-10-16,4.099,4.1562,3.8,3.9106,5544038.18,1602892799999,21826981.677354,48887,2694634.54,10613671.164564999,0
2020-10-17,3.9132,3.9799,3.8607,3.9663,1738606.63,1602979199999,6836554.196153,16454,860767.67,3385888.906522,0
2020-10-18,3.9652,4.125,3.9539999999999997,4.1068,2456005.5,1603065599999,9983556.456588,21908,1253992.88,5096994.585539,0
2020-10-19,4.107,4.1229,3.9501,3.986,2740611.47,1603151999999,11063216.657162,28418,1167123.02,4715620.448287,0
2020-10-20,3.9843,4.149,3.8641,3.9034,5741108.49,1603238399999,23005564.33995701,56343,2710911.48,10867126.544696001,0
2020-10-21,3.9034,4.26,3.8907,4.1352,7288864.8,1603324799999,29764999.223351,70281,3636453.0,14864836.106029,0
2020-10-22,4.1329,4.338,4.1234,4.2683,5757990.79,1603411199999,24403327.368138,57011,2982704.29,12617295.190011999,0
2020-10-23,4.2696,4.48,4.185,4.2633,8353056.52,1603497599999,36192277.897394,71429,4236956.0,18388014.052233,0
2020-10-24,4.263999999999999,4.43,4.2381,4.3536,4486543.97,1603583999999,19562136.201884,40668,2058986.08,8980801.205154,0
2020-10-25,4.35,4.4495,4.2588,4.331,4100261.59,1603670399999,17836698.674838,36383,1900139.11,8272390.323975,0
2020-10-26,4.3315,4.7475,4.2906,4.7031,11305772.22,1603756799999,51456482.4742,99841,5668343.14,25802717.208273,0
2020-10-27,4.7064,4.95,4.6429,4.6721,10646881.65,1603843199999,50810121.510993,94703,4997016.42,23866872.237582,0
2020-10-28,4.6723,4.78,4.252,4.357,9278337.14,1603929599999,41428280.82346501,92491,4546456.7,20321741.503218,0
2020-10-29,4.3569,4.4115,3.8469,4.0605,10671185.96,1604015999999,44302334.904489,93913,4934537.19,20468114.466964006,0
2020-10-30,4.0605,4.162,3.9153,4.0845,7322005.17,1604102399999,29642827.620062,64346,3572040.98,14468218.917807002,0
2020-10-31,4.0843,4.282,4.0574,4.1854,3270318.58,1604188799999,13700526.122784,32232,1631429.85,6835019.589193,0
2020-11-01,4.1833,4.225,4.1079,4.2211,2456433.2,1604275199999,10230038.521185001,23459,1150788.37,4796042.149838,0
2020-11-02,4.2211,4.2627,3.96,4.0316,5197343.74,1604361599999,21260452.406904,45126,2486394.66,10164285.761189999,0
2020-11-03,4.0272,4.0694,3.8842,4.0362,5133339.46,1604447999999,20342448.723259,50535,2359344.08,9358197.334026,0
2020-11-04,4.0377,4.1556,3.8915,4.0969,7425623.62,1604534399999,29848311.663052,71645,3738695.45,15027397.38514,0
2020-11-05,4.0988,4.3,4.0105,4.2229,6288599.56,1604620799999,26180294.789032,65088,3209095.52,13371873.48773,0
2020-11-06,4.2248,4.64,4.202,4.5826,8938274.32,1604707199999,39722355.480857,86488,4438727.46,19727543.971741002,0
2020-11-07,4.5837,4.8586,4.08,4.2341,15757508.9,1604793599999,69816455.507502,159057,7981427.25,35375473.564642,0
2020-11-08,4.2311,4.4275,4.13,4.3736,5332066.66,1604879999999,23008688.942506,48730,2578364.21,11130536.256533999,0
2020-11-09,4.3733,4.4639,4.2395,4.3463,5918543.0,1604966399999,25757952.203137,52808,2942207.61,12811250.410746,0
2020-11-10,4.3476,4.5061,4.2998,4.4231,5197286.34,1605052799999,22849607.737010002,54610,2479629.15,10904575.089248,0
2020-11-11,4.423,4.63,4.4168,4.4461,6264704.63,1605139199999,28217524.228517,63078,3096187.46,13959768.32528,0
2020-11-12,4.4460000000000015,4.4758,4.3103,4.4042,4584711.89,1605225599999,20088297.790813,56403,2165577.93,9490282.842064999,0
2020-11-13,4.4042,4.5918,4.3694,4.5425,5539505.41,1605311999999,24743287.495641,70834,2781324.81,12432650.683856,0
2020-11-14,4.5401,4.5549,4.3517,4.4637,5232906.42,1605398399999,23301316.25235,58498,2358084.02,10503178.718497999,0
2020-11-15,4.4656,4.5027,4.3063,4.3664,4897453.63,1605484799999,21618674.728391,57685,2329551.05,10286299.450768,0
2020-11-16,4.3659,4.6,4.3353,4.4983,6702906.33,1605571199999,29908365.235069,64150,3071764.65,13704348.169267999,0
2020-11-17,4.4986,4.9348,4.4882,4.8569,13923587.21,1605657599999,66570420.673859,150885,6733025.17,32181825.886359002,0
2020-11-18,4.8574,4.945,4.495,4.6797,11415111.58,1605743999999,53726113.851792,120722,5365527.54,25246167.174098,0
2020-11-19,4.6791,4.85,4.5399,4.7567,7976959.23,1605830399999,37568175.646748,95474,3991519.98,18805466.276098,0
2020-11-20,4.7557,5.4714,4.7404,5.23,17934442.25,1605916799999,94025798.055775,185979,9210991.35,48226846.123152,0
2020-11-21,5.2301,5.8137,5.1285,5.7824,14938158.71,1606003199999,81670246.475703,151182,7417475.4,40553670.380688004,0
2020-11-22,5.7822,5.8453,5.1702,5.524,12275138.21,1606089599999,67642239.55487,137667,5956545.04,32842247.512752,0
2020-11-23,5.516,5.96,5.415,5.9093,14908169.22,1606175999999,85331972.991604,146594,7371111.69,42224393.298186,0
2020-11-24,5.9063,6.0857,5.605,5.7334,15057227.46,1606262399999,87977432.6034,156208,7371085.53,43104129.062803,0
2020-11-25,5.7305,5.8328,5.13,5.3018,10948123.7,1606348799999,60442668.055544995,113617,4915983.84,27119368.949626997,0
2020-11-26,5.3,5.3771,4.4342,4.809,20179716.49,1606435199999,97072392.064152,194440,10300012.59,49575186.182234004,0
2020-11-27,4.8091,5.0752,4.4969,4.8151,8464913.51,1606521599999,40296255.19935,81406,4317005.86,20564793.023966,0
2020-11-28,4.8148,4.9545,4.67,4.8939,5004579.77,1606607999999,24153713.442501,53608,2412373.03,11643665.800461,0
2020-11-29,4.8925,5.2059,4.8,5.192,5392525.95,1606694399999,27002852.017179,57283,2757188.21,13808479.009367999,0
2020-11-30,5.192,5.4476,5.1333,5.3767,9070457.89,1606780799999,48011012.098499,91832,4198777.87,22239874.757364,0
2020-12-01,5.377999999999999,5.5429,4.92,5.0806,10943827.45,1606867199999,57473159.28492901,105453,5451832.28,28645443.11157101,0
2020-12-02,5.0824,5.5459,4.9994,5.4645,7081941.51,1606953599999,37484937.99733301,72993,3596437.4,19050829.341394,0
2020-12-03,5.4583,5.5679,5.3210000000000015,5.3997,5002283.03,1607039999999,27235269.97246,52938,2497726.87,13610111.09119,0
2020-12-04,5.3982,5.4336,4.9553,5.0,5569105.06,1607126399999,28994707.147517998,56262,2548800.79,13289296.459298,0
2020-12-05,5.0,5.1925,4.8767,5.1806,4496795.32,1607212799999,22695365.715192,53852,1944275.59,9829410.545833,0
2020-12-06,5.1817,5.2068,5.0,5.1268,2749760.54,1607299199999,13990696.895441001,34027,1382897.34,7033926.795617,0
2020-12-07,5.1293,5.1564,5.0107,5.0569,2453405.21,1607385599999,12474012.887122,31998,1096606.99,5573188.221942,0
2020-12-08,5.0568,5.0711,4.7,4.7399,5044001.16,1607471999999,24553771.237418,58067,2292326.09,11163095.415847,0
2020-12-09,4.7378,4.9392,4.6167,4.8728,5290274.94,1607558399999,25469275.601607997,60544,2665198.69,12849420.629351,0
2020-12-10,4.8732,4.9167,4.7,4.8003,2575244.64,1607644799999,12388576.612158999,32212,1217301.7,5859459.61634,0
2020-12-11,4.8026,4.8153,4.54,4.612,3915723.68,1607731199999,18191252.487325,45448,2000461.74,9288031.109008,0
2020-12-12,4.6102,4.7989,4.607,4.7385,2757351.25,1607817599999,13027566.93987,33548,1365914.54,6452259.24364,0
2020-12-13,4.7381,5.1,4.725,4.8957,3939252.37,1607903999999,19247937.304279998,44038,2095807.16,10237522.061082,0
2020-12-14,4.8966,5.0094,4.8264,4.8969,2543847.2,1607990399999,12480088.996149,33439,1292974.8,6344140.219753,0
2020-12-15,4.8978,5.2911,4.8445,5.2391,5957058.68,1608076799999,30302992.858764,68649,3097622.4,15753484.411546,0
2020-12-16,5.24,5.374,5.115,5.3647,7988631.33,1608163199999,41783639.2912,90080,4150939.86,21714804.969538,0
2020-12-17,5.3634,5.7498,5.267,5.3455,11536864.68,1608249599999,63106389.768946,129298,5700609.02,31198198.681536,0
2020-12-18,5.3427,5.5097,5.245,5.3549,5673140.98,1608335999999,30399224.533859003,71122,2796262.23,14989418.441070002,0
2020-12-19,5.3592,5.577000000000001,5.2766,5.3358,5524007.44,1608422399999,30019103.35798401,64229,2695610.25,14653647.685745,0
2020-12-20,5.3364,5.4374,5.0723,5.1868,6165710.95,1608508799999,32507319.132112,72651,3112973.22,16427813.480515,0
2020-12-21,5.1866,5.4483,4.7732,4.8702,7796554.96,1608595199999,39605840.80232801,89964,3768234.9,19156614.35285,0
2020-12-22,4.8707,5.21,4.7974,5.155,8558735.42,1608681599999,42821688.374787,110057,4508930.98,22550628.843918,0
2020-12-23,5.1525,5.1911,4.5859,4.7149,8098117.21,1608767999999,39815176.130763,101484,3901419.67,19223902.671712,0
2020-12-24,4.7149,5.2013,4.6298,5.1116,8292421.99,1608854399999,41162648.200219,103192,4019065.45,19952613.414148007,0
2020-12-25,5.1102,5.2881,5.0407,5.2099,5278806.02,1608940799999,27195860.707115,67374,2526789.3,13017013.85702,0
2020-12-26,5.2124,5.2938,5.081,5.1924,4830448.15,1609027199999,25085881.101631,60999,2358988.78,12258136.608574001,0
2020-12-27,5.1946,5.4691,4.9325,5.1455,12600497.85,1609113599999,65887109.72636601,132592,6372320.8,33352037.253248,0
2020-12-28,5.1462,6.7,5.1080000000000005,6.5982,28565820.35,1609199999999,171246516.449081,281205,14977055.75,89923533.813489,0
2020-12-29,6.5931,7.7,6.12,7.5402,43059737.73,1609286399999,289920333.21983,418143,21725207.97,146517989.670715,0
2020-12-30,7.5473,7.678,7.055,7.2282,29271542.34,1609372799999,215041831.980196,308892,14448376.1,106172865.572037,0
2020-12-31,7.2284,9.51,7.1206,9.2619,39283522.88,1609459199999,322604577.41537595,484632,19795190.08,162956089.626457,0
2021-01-01,9.262,9.427999999999999,8.0729,8.2776,40444969.81,1609545599999,353233275.04881203,520258,20013837.09,174704317.291058,0
2021-01-02,8.2775,9.89,7.89,9.2037,41542040.61,1609631999999,367556137.1989871,479088,20783396.79,183959175.047634,0
2021-01-03,9.2056,10.5,8.8448,10.1307,37224723.44,1609718399999,353161994.292166,472481,19169502.79,182132299.754226,0
2021-01-04,10.1453,10.5169,8.7,9.5126,35233997.11,1609804799999,339398714.959462,420445,17809166.81,171831952.87633702,0
2021-01-05,9.5147,10.0441,9.01,9.7084,20433614.97,1609891199999,196355600.37198,272399,10336769.9,99447528.643625,0
2021-01-06,9.7126,10.4452,9.4611,10.0679,24556008.75,1609977599999,243617218.20784503,315659,13222637.15,131369438.196704,0
2021-01-07,10.0679,10.68,9.38,9.6439,23807905.1,1610063999999,237616292.04502404,315431,12187901.88,121682160.99697,0
2021-01-08,9.6432,9.814,8.7788,9.2998,18487740.39,1610150399999,171510907.095546,248030,9029166.49,83836706.280822,0
2021-01-09,9.2959,9.815,9.0418,9.7354,11628693.46,1610236799999,109279014.391674,161829,5746049.44,53975402.520916,0
2021-01-10,9.7354,9.9889,8.6054,9.2911,13493639.61,1610323199999,127226157.445098,198534,6563428.51,61960893.582068995,0
2021-01-11,9.2962,9.32,7.1642,8.2691,39051182.14,1610409599999,309636031.092044,473544,18994178.61,150712336.36048898,0
2021-01-12,8.2736,8.7243,7.9201,8.3078,17770135.49,1610495999999,147513162.63503602,227882,9192393.55,76356409.76302199,0
2021-01-13,8.3072,11.4407,7.9833,10.9486,33973317.45,1610582399999,332456232.725623,551910,17738654.02,173740185.435313,0
2021-01-14,10.9417,14.68,10.8801,14.4867,50546604.14,1610668799999,617529827.1569692,736622,25875901.94,316381726.570033,0
2021-01-15,14.4862,14.9599,11.7619,13.1679,56797246.56,1610755199999,775169881.710353,1022818,28380242.3,387146999.41526496,0
2021-01-16,13.1638,19.4,13.1567,17.9893,80460090.2,1610841599999,1338383395.493358,1337608,40578665.77,674801975.3995581,0
2021-01-17,17.9849,18.2677,16.28,17.0832,50659218.35,1610927999999,875607510.055064,1018291,25221192.88,436144802.35054,0
2021-01-18,17.0897,18.221,15.7,16.5898,26097571.18,1611014399999,447166378.086954,531721,12674076.55,217375116.824687,0
2021-01-19,16.5786,17.49,15.887,16.3933,23747474.38,1611100799999,398554406.22419304,529473,11456577.93,192542952.589897,0
2021-01-20,16.3951,18.2078,14.79,17.9808,33656669.48,1611187199999,551064673.025082,700130,17008675.27,279127700.524314,0
2021-01-21,17.9798,18.15,14.982000000000001,15.9818,38757498.25,1611273599999,638453818.75499,853936,18770752.24,309218784.144281,0
2021-01-22,15.9837,18.0178,14.7111,17.1207,31458042.07,1611359999999,520090777.6721701,739801,15835994.74,262221396.77926892,0
2021-01-23,17.1243,18.8,16.7951,18.7446,24293114.74,1611446399999,433626483.5517191,606449,12373130.67,220914238.19525492,0
2021-01-24,18.7447,18.7646,17.22,17.9745,15685459.56,1611532799999,281019802.56806296,486345,7697125.53,137881677.724255,0
2021-01-25,17.9757,19.1,17.069000000000006,17.207,19765645.59,1611619199999,359142531.78772795,463645,9881602.85,179712186.529102,0
2021-01-26,17.2075,17.7844,16.0,17.1013,14031585.41,1611705599999,236894166.914575,313658,6648605.52,112354898.701724,0
2021-01-27,17.1115,17.127,15.0316,15.43,18777450.02,1611791999999,296614999.063232,426885,8983055.74,141943395.393408,0
2021-01-28,15.435,17.4938,15.2583,16.8643,18773126.13,1611878399999,314493694.852837,418526,9234063.23,154569298.49336898,0
2021-01-29,16.8716,17.7522,15.9389,16.7968,24085491.74,1611964799999,404773422.15867597,511449,11745149.64,197275469.482257,0
2021-01-30,16.7995,17.0808,16.1327,16.5349,10071916.92,1612051199999,166576675.710472,307140,4889303.81,80880124.05693801,0
2021-01-31,16.5423,17.5332,15.6438,16.1128,13322271.39,1612137599999,220605145.76721692,301992,6521405.34,108049296.26145601,0
2021-02-01,16.1153,16.5615,15.5807,16.4385,10427226.81,1612223999999,167557855.242855,240031,5150128.38,82789937.670688,0
2021-02-02,16.4401,17.67,15.9813,17.1765,17507006.87,1612310399999,295247180.96379304,370905,8520627.55,143686388.750392,0
2021-02-03,17.1766,20.9322,16.8,20.8538,28799999.03,1612396799999,544351063.148015,562627,14979199.71,283470717.686682,0
2021-02-04,20.8588,21.7321,18.57,19.6677,25501882.41,1612483199999,522397358.20998496,659752,12376430.05,253689925.759364,0
2021-02-05,19.6682,21.4,19.3472,20.84,17350792.08,1612569599999,358077889.396154,465603,8399398.54,173400171.516516,0
2021-02-06,20.8259,21.399,19.8425,20.3734,11925117.12,1612655999999,242875852.11626402,349646,5734906.17,116814475.87771001,0
2021-02-07,20.369,20.8031,18.46,19.7345,15159822.49,1612742399999,297844389.267083,415359,7400438.22,145336256.37756202,0
2021-02-08,19.7365,23.6969,19.1828,22.9853,25522324.88,1612828799999,559082270.52946,674025,12888176.39,282675807.73953396,0
2021-02-09,22.984,24.12,22.2269,23.0846,16067713.73,1612915199999,372075616.56081504,528757,7630121.39,176849368.28908998,0
2021-02-10,23.089000000000002,24.8498,21.8916,23.5821,16612771.89,1613001599999,389250144.206917,446508,8279659.71,194081086.84353,0
2021-02-11,23.5784,25.7071,23.2357,25.0224,13943337.77,1613087999999,346981474.416131,420143,6846365.91,170357210.84420702,0
2021-02-12,25.0036,29.7272,24.5,28.6555,15767764.9,1613174399999,430472925.104468,561648,8165682.23,222832116.22840092,0
2021-02-13,28.6523,30.21,27.2203,27.9364,15559714.6,1613260799999,446944764.773566,514950,7899984.51,227099049.95717797,0
2021-02-14,27.9602,29.4142,26.4,26.8724,10698732.39,1613347199999,296547882.44916004,354523,5425069.79,150334005.725144,0
2021-02-15,26.88,29.5365,23.1555,27.8021,20272317.43,1613433599999,545759605.207356,610812,10056516.42,271074693.254012,0
2021-02-16,27.8201,31.0606,26.8002,30.0832,20070860.93,1613519999999,593917367.669448,783059,10234041.16,302929543.068831,0
2021-02-17,30.0897,32.4,29.6109,31.9862,14917487.45,1613606399999,460313514.06000495,655753,7554476.48,233332977.246872,0
2021-02-18,31.9849,32.5926,30.5453,31.11,7915382.55,1613692799999,248881631.491504,277728,3749924.25,117958030.50696999,0
2021-02-19,31.11,35.0,29.5,34.824,16536466.18,1613779199999,536781505.018438,475362,8547238.39,277813277.10581404,0
2021-02-20,34.8093,42.2848,34.7,38.942,29189715.44,1613865599999,1132991994.534086,1039302,14190300.9,551044606.763412,0
2021-02-21,38.9381,40.6992,38.0,39.5863,15160345.53,1613951999999,592314558.658972,586768,8120897.69,317191965.1041,0
2021-02-22,39.5867,39.7434,30.8104,37.6143,27519472.04,1614038399999,988595325.9327519,948847,14273095.73,512414816.239871,0
2021-02-23,37.6369,37.8,26.5,34.5325,40437206.88,1614124799999,1312434062.0395641,1188730,19848079.84,644859210.400386,0
2021-02-24,34.5697,36.8,31.1,33.6396,20265938.21,1614211199999,702963090.27525,944188,10452771.62,362807736.07317,0
2021-02-25,33.6315,35.26,30.8582,31.2341,13365957.05,1614297599999,447459174.328922,494763,6648040.02,222560579.79185292,0
2021-02-26,31.2282,33.5516,28.0001,31.4362,25275240.2,1614383999999,772041315.839312,840124,12648804.83,385877101.884148,0
2021-02-27,31.4506,35.6618,31.3471,33.4575,20330311.63,1614470399999,690474687.505784,947663,10209653.55,346830531.101517,0
2021-02-28,33.4664,34.56,29.7,33.8,19977135.54,1614556799999,635414234.3498678,787367,9556097.21,304208382.089684,0
2021-03-01,33.7964,35.66,33.0149,35.6273,13666144.31,1614643199999,472097070.53604096,711734,6946131.79,240065920.130385,0
2021-03-02,35.6278,37.9247,34.3777,36.1393,15276420.14,1614729599999,552485611.127354,717070,7663247.08,277314432.864807,0
2021-03-03,36.1485,38.68,36.1031,37.0985,11641704.64,1614815999999,437405514.2394,500889,5681953.65,213465533.567721,0
2021-03-04,37.0661,38.38,34.35,35.2166,11601602.41,1614902399999,421142166.80173296,657807,5632058.54,204707755.444047,0
2021-03-05,35.2251,35.2687,31.31,33.6194,15293689.83,1614988799999,505102719.94394296,521521,7534008.57,248923685.04672092,0
2021-03-06,33.5926,34.1997,32.05,33.3596,6037223.17,1615075199999,200420558.209941,232422,3067804.06,101853456.145944,0
2021-03-07,33.3628,35.2999,33.3628,35.095,6061093.36,1615161599999,208261033.28557,257474,3075145.59,105714547.737881,0
2021-03-08,35.0898,35.5566,33.4053,34.9737,6813802.79,1615247999999,234178708.69417202,261380,3357785.62,115432220.610993,0
2021-03-09,34.9867,38.8788,34.5148,38.1882,12891833.92,1615334399999,471280633.188538,490247,6939886.78,253712396.06891492,0
2021-03-10,38.1845,39.6,36.2181,37.5494,12012623.7,1615420799999,457559360.824972,564565,5942636.02,226661234.896858,0
2021-03-11,37.5534,38.0434,35.8675,36.9026,8664283.5,1615507199999,319628166.831291,406006,4180482.21,154293375.385833,0
2021-03-12,36.8988,37.4995,34.3773,35.9551,6812852.03,1615593599999,244446555.924177,307608,3230356.26,115967222.132693,0
2021-03-13,35.9582,38.2742,34.6873,37.1418,7399275.26,1615679999999,273828141.882536,340503,3778871.95,139844638.23299998,0
2021-03-14,37.1308,37.9979,36.2477,36.4427,4741817.09,1615766399999,175719479.851548,230964,2241675.3,83106282.195673,0
2021-03-15,36.4427,38.5636,33.8351,34.2963,10731480.2,1615852799999,383188649.7672089,505959,5228860.41,186805680.679731,0
2021-03-16,34.2868,35.5422,32.07,35.3987,9126077.86,1615939199999,310134804.51211,433755,4644471.51,157975758.341872,0
2021-03-17,35.3981,36.4495,34.3879,36.1036,6842523.37,1616025599999,243123632.665256,301270,3533574.25,125614221.453493,0
2021-03-18,36.1157,37.0187,34.9648,35.3399,5558730.76,1616111999999,201322579.154342,245829,2723450.13,98693708.28086701,0
2021-03-19,35.3399,38.8636,34.6,38.1735,9561406.59,1616198399999,356387974.452902,511377,4911693.94,183043372.014084,0
2021-03-20,38.1735,40.1,37.1559,37.2279,8583160.2,1616284799999,336353386.75898796,545858,4357359.85,170881479.683666,0
2021-03-21,37.2293,38.0995,36.1001,36.6851,6631041.19,1616371199999,245377130.080839,306808,3344176.45,123771292.208459,0
2021-03-22,36.6802,37.7803,35.0572,35.2338,6137342.07,1616457599999,224614281.61593,286867,2920861.98,106953001.16841601,0
2021-03-23,35.2202,36.2896,34.0325,34.2174,5897723.07,1616543999999,207451097.24686202,330835,2860244.58,100668548.293262,0
2021-03-24,34.1961,36.1468,27.4586,30.2209,13285955.46,1616630399999,423599600.509516,626750,6201584.32,197653684.089655,0
2021-03-25,30.2139,31.2676,28.3,29.8059,17474869.14,1616716799999,521686968.60459405,693181,8733450.8,260799274.39996,0
2021-03-26,29.8059,33.3689,29.7894,33.1782,7973987.37,1616803199999,250686135.445118,446169,3957348.85,124353007.990038,0
2021-03-27,33.1607,33.5,31.1119,32.5884,6080754.51,1616889599999,197140845.91163105,313328,3021265.16,97994382.429224,0
2021-03-28,32.5873,33.2231,31.2276,32.2331,4896790.56,1616975999999,158742629.435072,292343,2360657.15,76536822.879695,0
2021-03-29,32.2331,34.714,31.7496,34.3403,6754322.38,1617062399999,227757344.870181,387397,3248091.3,109555752.83045,0
2021-03-30,34.3404,34.8,33.4855,33.9778,5489182.37,1617148799999,186942587.37252,296736,2486885.74,84746654.959726,0
2021-03-31,33.9778,38.28,33.22,37.0765,14303159.29,1617235199999,515451723.418196,718356,7501963.26,270344120.133376,0
2021-04-01,37.0784,38.945,36.0021,37.461,9608182.24,1617321599999,360878285.780073,651791,4815256.85,180740011.29998705,0
2021-04-02,37.4655,41.4081,36.5721,41.0271,10204662.65,1617407999999,396702443.3062111,643643,5280038.66,205531381.967561,0
2021-04-03,41.0344,46.8,40.9103,41.3802,18075397.33,1617494399999,797469848.021123,1226995,9157183.89,404095991.114808,0
2021-04-04,41.38,45.0858,40.6666,44.3135,8717890.34,1617580799999,380478968.0137701,622802,4397590.28,192020001.062491,0
2021-04-05,44.3204,45.8694,41.806000000000004,45.8003,7991387.42,1617667199999,348965251.721777,435402,3947886.52,172480455.918835,0
2021-04-06,45.8,46.2616,41.56,43.35,9415415.87,1617753599999,412681817.4927911,451422,4740784.11,207949663.459391,0
2021-04-07,43.3547,43.5038,37.69,39.5013,11787515.43,1617839999999,474173726.2907392,575212,5689532.93,228971622.58543798,0
2021-04-08,39.51,41.5999,39.2121,41.333999999999996,5879782.79,1617926399999,238610868.00263903,432601,3064758.35,124366227.8396,0
2021-04-09,41.3248,42.0984,40.0501,40.8085,4356116.29,1618012799999,178899046.408409,245199,2210787.81,90806322.94432901,0
2021-04-10,40.8085,42.757,39.9777,41.5868,5302312.77,1618099199999,220355666.96372998,310279,2576992.94,107093476.792424,0
2021-04-11,41.6,41.87,39.9818,41.3196,5023884.47,1618185599999,205061228.617838,288275,2472554.76,100943351.983279,0
2021-04-12,41.3133,41.7699,39.3643,40.46,6509499.53,1618271999999,264924895.97470802,341074,3332879.36,135705010.958655,0
2021-04-13,40.4601,43.3554,39.809,42.9301,9390973.4,1618358399999,388824668.437334,512642,4602826.28,190663602.729186,0
2021-04-14,42.9301,44.5594,40.0,42.5171,10710847.58,1618444799999,455533856.02912897,569168,5148202.18,218950668.036534,0
2021-04-15,42.5217,44.3,41.4046,43.4318,8291327.15,1618531199999,355045175.18982404,466976,4014672.01,171978138.058353,0
2021-04-16,43.4169,43.8252,40.0007,41.3898,9269576.83,1618617599999,389038149.701362,520471,4742725.02,199073745.334327,0
2021-04-17,41.3931,48.36,41.37,42.0577,17205151.16,1618703999999,769188816.5631268,1016855,8552885.31,382815602.88415897,0
2021-04-18,42.0568,42.7051,32.0,37.363,25846971.85,1618790399999,943946817.106623,1226865,12414086.32,453064667.97269696,0
2021-04-19,37.3623,38.7007,34.0,34.7373,11880828.89,1618876799999,431036843.28209597,570302,5968569.39,216935617.184014,0
2021-04-20,34.7371,35.7508,31.5542,35.4133,14345901.28,1618963199999,484353519.55610496,649553,6896920.62,233135445.34749103,0
2021-04-21,35.4112,36.3172,33.0261,33.7953,11604140.78,1619049599999,403597433.405648,556688,5597684.5,194734388.392474,0
2021-04-22,33.7714,36.7635,32.8,32.9571,17785821.28,1619135999999,610095103.540605,756767,8972354.17,307783473.736133,0
2021-04-23,32.946999999999996,33.4998,26.6355,32.2323,25328983.32,1619222399999,762835610.752339,973517,12775344.19,384495385.317806,0
2021-04-24,32.2402,32.4026,28.53,28.9629,12019207.5,1619308799999,364599179.84303504,519054,6018406.43,182506885.61767092,0
2021-04-25,28.9819,31.3,28.1,29.83,7392943.065,1619395199999,219859456.15583798,393744,3584821.328,106715542.485445,0
2021-04-26,29.83,33.473,29.755,33.4,12586853.239,1619481599999,406292770.169756,580304,6448659.142000001,208214848.72436598,0
2021-04-27,33.396,34.94,33.141,34.845,10126562.837000001,1619567999999,344820727.257083,560936,5120632.933,174402386.937297,0
2021-04-28,34.845,35.389,32.566,33.972,9168443.638,1619654399999,309130585.047848,466275,4524898.924,152521982.238234,0
2021-04-29,33.968,36.0,32.966,35.979,8746880.388,1619740799999,297473292.670809,452188,4359057.706,148257003.898054,0
2021-04-30,35.979,36.811,35.086999999999996,36.522,11153636.937,1619827199999,402233061.5445231,669188,5738057.421,206976527.894821,0
2021-05-01,36.510999999999996,37.46,35.8,36.908,7426793.568,1619913599999,272383069.920689,382683,3787654.847,138960559.913501,0
2021-05-02,36.904,37.179,35.485,36.626,6899280.736000001,1619999999999,251080965.18714303,332879,3399671.85,123735238.43601201,0
2021-05-03,36.62,38.3,36.571,37.25,8437636.158,1620086399999,315957386.32020897,477568,4225602.6389999995,158308441.37484598,0
2021-05-04,37.249,37.931,34.366,34.777,13221688.847000001,1620172799999,476098662.845805,652790,6521152.33,234926852.75860497,0
2021-05-05,34.778,40.760999999999996,34.522,40.422,15940781.371,1620259199999,608061480.8720031,805191,8375472.994,319496614.62646,0
2021-05-06,40.423,43.9,37.98,41.588,19626530.967,1620345599999,798053897.005788,1035825,9838950.792000001,400308277.005908,0
2021-05-07,41.56399999999999,42.8,38.34,39.864000000000004,13673656.089000005,1620431999999,558699479.8008289,725188,6748945.591,275794825.829054,0
2021-05-08,39.869,40.646,38.69300000000001,39.899,7174506.876,1620518399999,285102867.78640896,377129,3612468.433,143571965.716979,0
2021-05-09,39.898,40.558,38.2,40.3,9941002.399,1620604799999,392861624.84722304,488152,4896210.798,193516929.942298,0
2021-05-10,40.309,41.85,32.059,36.488,15156271.812,1620691199999,579552858.2601688,846716,7424635.147999999,284192124.418245,0
2021-05-11,36.488,38.683,35.529,38.637,10529252.621,1620777599999,389349189.3185151,584502,5463099.642999998,202051175.630168,0
2021-05-12,38.63800000000001,42.472,33.74,35.128,19203754.059,1620863999999,753241875.696237,1170503,9497388.636,372996229.1744111,0
2021-05-13,35.129,41.869,33.0,39.988,32382529.915999997,1620950399999,1259980989.40105,1773815,16354465.162999999,636892154.125476,0
2021-05-14,39.982,48.0,39.381,47.979,25755875.95900001,1621036799999,1115211607.382656,1616221,13649437.832,591874673.671367,0
2021-05-15,47.97,49.78,42.723,43.643,29713880.387,1621123199999,1388383218.238688,1797562,14877666.377999999,695683520.3096759,0
2021-05-16,43.63800000000001,46.722,39.277,42.43600000000001,19390116.792999998,1621209599999,833077765.0072299,1223333,9644623.677000001,414879875.8785911,0
2021-05-17,42.426,42.471000000000004,35.1,38.69300000000001,22756823.566999998,1621295999999,882657845.170877,1224424,11067873.439000001,429695260.484102,0
2021-05-18,38.691,42.598,37.653,40.595,18784123.607,1621382399999,752887130.431293,1013748,9486212.816,380324099.451294,0
2021-05-19,40.603,41.403,18.0,25.044,76760027.408,1621468799999,2291132124.042648,2861458,36591006.719000004,1095993006.707891,0
2021-05-20,25.044,31.288,21.2,28.958000000000002,46079545.709,1621555199999,1257703487.6546118,1636510,22820929.754,623385391.458259,0
2021-05-21,28.94400000000001,30.999000000000002,20.0,24.399,49259719.831999995,1621641599999,1238361810.3249118,1583433,24373351.383,614351604.3578969,0
2021-05-22,24.386,24.6,20.314,22.057,32371263.630999997,1621727999999,731634044.2741902,1138932,16130930.499000002,364471213.59479,0
2021-05-23,22.05,23.465,13.638,17.912,65071228.803,1621814399999,1149967076.485791,1725613,31821700.415999997,563499353.695792,0
2021-05-24,17.913,23.482,17.098,23.261,43581078.151999995,1621900799999,886775294.9569359,1296303,22049624.938,448923440.90075594,0
2021-05-25,23.267,24.217,19.65,22.16,34789720.032,1621987199999,752653508.704671,1090363,17461185.286,377981254.316633,0
2021-05-26,22.149,24.771,21.603,24.528000000000002,26085513.265,1622073599999,608535711.8834312,1012784,13138980.793,306659473.675579,0
2021-05-27,24.529,24.945999999999998,21.747,23.982,22582359.516999997,1622159999999,529696592.58529,840356,11255452.115,264290530.65043998,0
2021-05-28,23.987,26.22,20.0,21.35,40752090.288,1622246399999,917643869.2083473,1408650,20041144.860999998,451609977.26778495,0
2021-05-29,21.349,22.31900000000001,18.779,19.868,20620470.347,1622332799999,423929772.952276,733877,10111000.923,208077361.860553,0
2021-05-30,19.881,21.355999999999998,18.416,20.465,17307772.375,1622419199999,351190236.378652,624064,8566599.859,173911021.16804498,0
2021-05-31,20.46,23.45,19.06,23.264,21593146.82,1622505599999,458802954.187542,761763,10996614.78,233689696.520446,0
2021-06-01,23.273000000000003,23.539,21.6,22.84,18793956.11,1622591999999,422557506.324423,753367,9542887.632000001,214686568.778385,0
2021-06-02,22.84,26.87,22.649,25.916,24489800.101999998,1622678399999,605825207.8825519,1241891,12541956.645,310176879.232597,0
2021-06-03,25.913,28.6,25.673000000000002,27.004,22096623.219,1622764799999,602717323.423216,1274565,10930524.144000001,298173172.569868,0
2021-06-04,27.005,27.019000000000002,23.605,24.988000000000003,23200131.880999997,1622851199999,576239612.88829,985149,11089357.035,275350138.34205496,0
2021-06-05,24.991,26.4,22.933000000000003,23.771,15159286.355999999,1622937599999,374681469.69526803,882820,7266047.812000001,179785667.415968,0
2021-06-06,23.772,24.500999999999998,23.433000000000003,24.184,8542620.371,1623023999999,205312976.912186,346779,4214685.428,101341027.513111,0
2021-06-07,24.189,25.283,21.3,21.686,16728777.96,1623110399999,399742774.08120704,671363,7946108.277000003,190063949.906787,0
2021-06-08,21.686,22.291,19.6,21.65,22854699.755999997,1623196799999,483168687.0256791,879284,11190716.338,236810081.486817,0
2021-06-09,21.643,23.335,20.361,23.214000000000002,17895882.483,1623283199999,391614110.2307391,690842,8803506.929,192679110.988083,0
2021-06-10,23.215999999999998,24.6,22.041999999999998,22.683000000000003,18698941.752,1623369599999,439960346.8003528,745905,9333822.046,219610648.95631105,0
2021-06-11,22.68,23.206,20.487,20.95,12851416.712000001,1623455999999,283090536.03217,596002,6236343.272999999,137420639.17115602,0
2021-06-12,20.945,21.261999999999997,19.5,20.741999999999997,12547282.803,1623542399999,255877618.405633,484353,6283311.578,128146001.73247099,0
2021-06-13,20.741999999999997,22.412,19.928,22.04,9398764.597000001,1623628799999,197377445.44934398,379717,4794729.215,100646135.452834,0
2021-06-14,22.041,26.026,21.233,25.858,23122012.59,1623715199999,550314633.622724,1171223,12146993.658,289422582.122439,0
2021-06-15,25.858,26.009,23.514,23.941999999999997,17728382.399,1623801599999,435871196.885298,1147831,8483625.923,208677302.685431,0
2021-06-16,23.941999999999997,24.584,22.491,23.033,13836266.103,1623887999999,323846736.226706,676924,6690686.299,156651029.89384198,0
2021-06-17,23.028000000000002,24.0,22.0,22.533,10290433.237,1623974399999,237609364.610461,615026,5069087.313,117221384.43418,0
2021-06-18,22.535999999999998,22.566,20.205,21.432,10556068.527999999,1624060799999,225950111.326408,430147,5148400.562,110212654.391465,0
2021-06-19,21.432,21.631999999999998,20.215,20.222,7447145.3879999975,1624147199999,156251669.561517,403723,3539084.856,74309873.54888001,0
2021-06-20,20.221,21.0,18.871,20.616999999999997,11045346.054000001,1624233599999,220052173.840306,539850,5109283.534,101854105.274228,0
2021-06-21,20.616,20.794,15.35,15.707,27185128.196999997,1624319999999,477391628.29364,917502,13411874.865,235550708.40238598,0
2021-06-22,15.710999999999999,16.936,13.0,14.687999999999999,42443370.02800001,1624406399999,630210885.681015,1009364,20767838.165999997,308416508.092125,0
2021-06-23,14.684000000000001,16.8,13.963,15.792,24268090.26800001,1624492799999,385602939.878806,600231,12124008.488,192735137.031334,0
2021-06-24,15.794,16.609,14.724,16.223,14150471.665,1624579199999,224047083.17419305,360698,7034782.437000001,111458921.42023799,0
2021-06-25,16.224,16.742,14.414000000000001,14.422,15832639.428,1624665599999,243056713.028115,403261,7667922.597999997,117771559.516062,0
2021-06-26,14.424000000000001,14.981,13.616,14.511,13921587.238,1624751999999,197443771.131558,325801,7033176.649,99798386.75458199,0
2021-06-27,14.507,15.027000000000001,14.03,15.01,10035136.207,1624838399999,145778526.723275,249715,4967728.605,72193798.497637,0
2021-06-28,15.008,16.026,14.584000000000001,15.794,12407568.947999999,1624924799999,189313240.248572,335027,6150833.448,93893917.77294001,0
2021-06-29,15.793,17.029,15.714,16.3,15069027.291,1625011199999,247808283.58744705,462292,7714557.778,126937603.15246299,0
2021-06-30,16.305,16.628,15.085999999999999,16.402,13522533.232,1625097599999,213838895.64613602,370783,6729228.915,106452779.65119,0
2021-07-01,16.4,16.410999999999998,14.85,15.174000000000001,10239264.117999999,1625183999999,158039674.62286398,259546,4994321.323,77052352.326268,0
2021-07-02,15.173,15.455,14.622,15.289000000000001,7898912.744,1625270399999,118430782.249452,197774,3949197.702,59233015.71355301,0
2021-07-03,15.288,15.752,15.019,15.52,7020623.727000001,1625356799999,108331681.090896,182181,3610999.749,55714793.178707995,0
2021-07-04,15.523,16.575,15.162,15.975,8386779.841,1625443199999,133389986.68341102,243305,4348823.469,69162245.452774,0
2021-07-05,15.974,15.975,14.5,15.228,10609352.577,1625529599999,162657727.580447,266936,5108266.55,78400148.18015501,0
2021-07-06,15.229000000000001,16.191,15.194,16.135,12531769.007000001,1625615999999,196619994.802449,340803,6372677.59,100003870.78508,0
2021-07-07,16.127,17.668,16.085,16.861,18479476.985,1625702399999,311827864.942478,624612,9247614.035,156060714.065483,0
2021-07-08,16.862000000000002,16.893,14.99,15.317,13613806.662999999,1625788799999,214205225.43808892,440875,6570726.328,103408149.89730799,0
2021-07-09,15.311,15.918,14.82,15.681,8527447.532,1625875199999,131365587.889219,228112,4207703.511,64847203.96218,0
2021-07-10,15.681,15.999,15.038,15.276,7361515.051,1625961599999,113392501.11478001,173321,3592637.233,55359412.42533001,0
2021-07-11,15.277000000000001,15.708,15.138,15.495,5220591.256,1626047999999,80696309.864375,133143,2619892.317,40490891.68273901,0
2021-07-12,15.495,15.65,14.380999999999998,14.845,7384762.29,1626134399999,111467155.293549,193377,3571226.298,53952535.711249,0
2021-07-13,14.845,15.099,14.011,14.19,7000669.871,1626220799999,101259769.691486,183421,3506110.095,50725593.535989,0
2021-07-14,14.190999999999999,14.227,13.164000000000001,13.800999999999998,11240723.808,1626307199999,153459912.06713402,300231,5457357.755,74505078.483622,0
2021-07-15,13.798,14.107999999999999,12.739,13.095,11295460.335,1626393599999,149339226.845827,270779,5604065.997,74078462.134758,0
2021-07-16,13.095,13.312999999999999,12.0,12.026,11747810.942,1626479999999,148061094.18056798,304404,5686382.658,71720194.162146,0
2021-07-17,12.025,12.742,11.71,12.294,12685758.457,1626566399999,153895571.813728,294032,6460817.168,78407399.757653,0
2021-07-18,12.296,12.934000000000001,12.258,12.647,8943548.853,1626652799999,112891922.356729,234273,4593340.807,58003907.294988,0
2021-07-19,12.648,12.735,11.354000000000001,11.46,13496594.169000002,1626739199999,159432053.55778,286561,6710874.5210000025,79234678.469887,0
2021-07-20,11.463,11.558,10.373,10.958,15411227.688,1626825599999,166927136.99331298,341945,7486735.4470000025,81082221.118564,0
2021-07-21,10.962,12.860999999999999,10.673,12.343,20720488.404,1626911999999,247722294.36535096,559775,10455433.004,124995098.89208001,0
2021-07-22,12.344000000000001,13.37,11.81,13.152000000000001,17109976.612,1626998399999,215356439.903998,570321,8598972.223,108183981.476086,0
2021-07-23,13.154000000000002,13.52,12.321,13.401,14319244.955,1627084799999,186094453.07256,684836,7043089.232999999,91516677.856491,0
2021-07-24,13.4,14.057,13.123,13.754000000000001,13352533.272,1627171199999,181318418.443752,366695,6744424.472999997,91565347.054136,0
2021-07-25,13.759,13.827,13.085,13.734000000000002,10636601.766,1627257599999,142811156.885499,362301,5325742.702,71516472.587401,0
2021-07-26,13.732000000000001,15.298,13.634,13.925,25704112.204,1627343999999,375986449.672794,679300,12888220.684,188443987.187176,0
2021-07-27,13.924000000000001,14.54,13.349,14.365,16376850.101,1627430399999,227477909.199688,424388,8430445.088,117066043.80869,0
2021-07-28,14.364,14.762,13.921,14.546,13296413.169000002,1627516799999,191569870.114092,447508,6658312.368,95963577.558431,0
2021-07-29,14.542,15.390999999999998,14.257,15.254000000000001,16761635.313,1627603199999,247024432.62320292,647300,8373767.875,123403627.93015,0
2021-07-30,15.258,15.859000000000002,14.404000000000002,15.793,12163617.879,1627689599999,183860182.08523998,636762,6139326.372,92860913.232016,0
2021-07-31,15.790999999999999,17.018,15.58,16.784000000000002,12127994.279000001,1627775999999,197145879.550927,482941,6039531.8220000025,98259769.701428,0
2021-08-01,16.779,19.9,16.539,18.418,29839953.331,1627862399999,558284181.489567,1291018,14392966.255,269365068.60076296,0
2021-08-02,18.418,18.938,17.555,17.984,17843839.093,1627948799999,325109824.9905029,906995,9042010.721,164763181.990635,0
2021-08-03,17.984,18.546,16.811,17.425,15066105.66,1628035199999,263383373.492614,625435,7425322.924,129798826.335413,0
2021-08-04,17.426,19.584,17.094,19.15,17035350.579,1628121599999,312972612.494794,740297,8738857.564,160722713.493781,0
2021-08-05,19.146,19.458,17.861,19.124000000000002,17528313.721,1628207999999,330225852.216831,925446,8684019.9,163711483.667997,0
2021-08-06,19.124000000000002,20.8,18.522000000000002,20.416,17461334.492,1628294399999,344423165.015171,966330,8899181.467,175441765.967707,0
2021-08-07,20.417,21.683000000000003,20.025,20.963,16386907.83,1628380799999,341241996.734098,1081125,8358475.712999999,174033425.123244,0
2021-08-08,20.963,21.205,19.192,19.65,11727291.345,1628467199999,238137970.004807,563008,5759415.3879999975,116996228.824221,0
2021-08-09,19.651,21.267,18.706,20.566,12450237.875999998,1628553599999,251756587.124814,496200,6282536.279,127143619.385952,0
2021-08-10,20.566,21.419,20.08,20.616,13345048.98,1628639999999,276052212.636377,514340,6941540.444,143628233.904928,0
2021-08-11,20.61,22.45,20.54,21.346999999999998,17980834.426,1628726399999,388428447.353544,787966,9295460.498,200790269.916607,0
2021-08-12,21.346,22.314,19.9,20.755,13916627.074000001,1628812799999,291644002.432097,501075,6743101.85,141456580.45256698,0
2021-08-13,20.759,22.729,20.503,22.72300000000001,10079219.543,1628899199999,220334164.42565897,436007,5116850.186000002,111910173.957544,0
2021-08-14,22.72300000000001,23.488000000000003,21.771,22.835,12206858.980999999,1628985599999,275512895.33587795,569879,6029420.403,136119557.483755,0
2021-08-15,22.833000000000002,23.33,21.836,23.15,10311557.705,1629071999999,232201567.61292797,461036,5139111.169,115802096.050497,0
2021-08-16,23.15,25.699,22.820999999999998,24.432,23210244.18,1629158399999,569040464.8218449,1143518,11601032.775,284446795.10232204,0
2021-08-17,24.419,27.421999999999997,23.01,23.545,29082405.854000002,1629244799999,742682582.3436309,1727373,14144272.647,361848521.168735,0
2021-08-18,23.548000000000002,25.183000000000003,22.5,23.868000000000002,20325842.456,1629331199999,487580208.143689,956756,10407467.588,249776009.48156002,0
2021-08-19,23.868000000000002,26.849,23.464000000000002,26.581999999999997,18955398.089,1629417599999,472805896.800801,920780,9763955.366,243822796.773188,0
2021-08-20,26.579,28.476999999999997,26.066,28.149,18087062.298,1629503999999,496553312.93377,936247,9300749.467,255424302.730613,0
2021-08-21,28.149,29.351,27.47,27.863000000000003,15380800.777,1629590399999,437767477.181195,901456,7711535.248,219686941.535144,0
2021-08-22,27.861,28.52,26.5,27.685,12726834.131,1629676799999,350198421.791702,756254,6551862.6060000025,180542247.57986292,0
2021-08-23,27.683000000000003,28.627,27.311999999999998,27.877,12452305.837000001,1629763199999,348507620.53630203,598130,6425917.4470000025,179904708.84948102,0
2021-08-24,27.875999999999998,28.171999999999997,24.351,25.066999999999997,15563782.332,1629849599999,408251702.69915104,661239,7552049.078,198079112.649865,0
2021-08-25,25.07,26.55,24.471,25.982,13580763.063,1629935999999,348621380.77669305,538185,6764894.4339999985,173727032.01843,0
2021-08-26,25.982,26.4,23.46,23.92,12202094.793,1630022399999,300116759.072389,517016,5873603.445,144525110.240287,0
2021-08-27,23.92,26.79,23.45,26.53,12760582.382000001,1630108799999,321109759.215254,439399,6257369.097,157762442.14635,0
2021-08-28,26.53,26.76,25.4,25.96,6962096.43,1630195199999,181083508.467,255638,3361502.08,87497750.9394,0
2021-08-29,25.96,26.46,25.24,25.7,5969161.7,1630281599999,154373694.7183,228248,2941951.12,76111707.9606,0
2021-08-30,25.71,27.58,24.32,26.03,14865324.488,1630367999999,385241291.336302,570795,6995857.1039999975,181311535.506322,0
2021-08-31,26.05,31.95,25.61,31.35,40601758.669,1630454399999,1185799173.520495,2088535,20918402.6,611031534.225355,0
2021-09-01,31.34,33.838,29.6,33.18,26017654.839,1630540799999,811089511.9585919,1391745,12884113.512,401926893.497092,0
2021-09-02,33.17,33.2,31.24,31.79,13487628.41,1630627199999,435633544.9978,644152,6665340.93,215363325.3507,0
2021-09-03,31.78,34.0,30.51,33.57,14346166.884000001,1630713599999,471768852.31701297,781638,7100358.6839999985,233534440.252513,0
2021-09-04,33.58,34.13,32.0,32.4,7731353.806,1630799999999,255406149.694079,421992,3714845.6339999996,122785390.77317901,0
2021-09-05,32.41,34.78,31.97,34.42,9486930.418,1630886399999,316320840.47112405,607589,4806276.953,160361224.851424,0
2021-09-06,34.43,35.1,32.3,34.35,12428084.43,1630972799999,424302148.820309,842180,6008688.98,205384079.295529,0
2021-09-07,34.35,35.68,22.66,27.97,40408249.411,1631059199999,1205391658.074879,1820580,19158505.25,572084960.810908,0
2021-09-08,27.97,28.88,25.2,27.76,23830480.97,1631145599999,655108735.0948,927132,11742693.23,322993673.137,0
2021-09-09,27.76,31.88,27.0,29.82,21170365.5,1631231999999,622867857.1774,1032337,10694361.18,314819733.677,0
2021-09-10,29.82,32.65,28.0,29.19,27860740.96,1631318399999,847452024.9074,1292621,13707110.5,417479703.9256,0
2021-09-11,29.18,32.1,28.25,31.57,15331069.56,1631404799999,464022098.3714,776981,7785686.49,235546455.6777,0
2021-09-12,31.57,36.45,30.66,35.79,28871476.13,1631491199999,967608451.3035448,1825842,14898608.115999999,499694749.39333504,0
2021-09-13,35.81,38.07,31.5,34.84,49715992.151999995,1631577599999,1749798444.3522658,2819337,24466729.449,861740299.1329862,0
2021-09-14,34.84,38.77,34.08,37.36,23675929.094,1631663999999,871535388.4048281,1329447,11735864.192,432195809.214058,0
2021-09-15,37.35,38.01,35.55,36.47,12212842.72,1631750399999,446407140.6908,579667,6073381.22,222007742.2527,0
2021-09-16,36.46,36.97,34.0,35.5,13726309.35,1631836799999,484409459.941,601519,6826805.38,240982115.931,0
2021-09-17,35.51,36.94,32.19,33.03,14073919.0,1631923199999,486546805.5563,776866,6564257.28,227269051.0983,0
2021-09-18,33.04,35.9,32.51,34.87,9990438.88,1632009599999,347152604.8801,508492,4897516.38,170173617.1862,0
2021-09-19,34.86,34.9,33.01,33.85,7884331.02,1632095999999,267305492.0588,411649,3818048.04,129512313.1144,0
2021-09-20,33.86,33.91,26.55,28.31,28383483.49,1632182399999,843311766.9983,1183841,13139968.29,390429306.1176,0
2021-09-21,28.31,30.38,25.5,26.39,24316299.56,1632268799999,685120449.6078,942973,11815624.39,333154405.4887,0
2021-09-22,26.39,32.0,25.91,31.6,18161430.28,1632355199999,530262588.7689,852355,9265473.27,270559523.3886,0
2021-09-23,31.58,33.6,30.37,33.41,13516616.87,1632441599999,429208790.3559,688802,6941965.94,220547891.3549,0
2021-09-24,33.42,33.54,27.9,30.79,28521525.89,1632527999999,867821691.5113,1220851,13984483.55,425412506.2279,0
2021-09-25,30.79,32.22,29.41,29.82,13368526.84,1632614399999,409243879.4748,617924,6571908.17,201222942.2878,0
2021-09-26,29.83,30.06,26.76,28.84,18340714.24,1632700799999,525671091.0006,701651,8902726.72,255350895.2425,0
2021-09-27,28.84,30.26,27.5,27.71,11094418.1,1632787199999,320340017.821,449178,5241779.45,151436865.0555,0
2021-09-28,27.72,28.38,26.14,26.31,9784154.53,1632873599999,267560973.6882,362304,4695232.85,128483337.4148,0
2021-09-29,26.31,28.59,26.11,27.28,10207287.33,1632959999999,280535376.3754,376232,4941103.09,135790279.3483,0
2021-09-30,27.28,28.99,27.13,28.62,8201551.44,1633046399999,230622998.4301,339737,4047107.55,113841820.0759,0
2021-10-01,28.61,32.33,28.5,31.94,13176348.21,1633132799999,402700970.6451,735059,6757708.75,206610747.5278,0
2021-10-02,31.94,33.39,31.52,32.01,8748363.88,1633219199999,283814409.5519,522276,4239105.54,137542145.94,0
2021-10-03,32.01,32.69,31.17,32.11,7871434.22,1633305599999,252056591.1485,350329,3822582.72,122454967.54,0
2021-10-04,32.1,32.11,30.04,31.15,9287969.05,1633391999999,288547980.6628,414743,4392137.22,136514199.6205,0
2021-10-05,31.15,32.16,30.52,31.39,8537858.77,1633478399999,268161491.1291,374395,4137541.73,130003854.3201,0
2021-10-06,31.39,33.09,29.11,32.19,14373589.09,1633564799999,448633539.3,704071,7083007.53,221214819.0104,0
2021-10-07,32.19,35.31,30.93,33.98,20356598.29,1633651199999,682316606.8833,1286323,10286843.68,345185782.8317,0
2021-10-08,33.98,34.49,33.03,33.35,11134583.44,1633737599999,375707512.1365,489045,5484595.92,185104560.9362,0
2021-10-09,33.36,36.9,33.0,36.33,12546752.37,1633823999999,441329764.1236,853574,6574572.96,231345703.8585,0
2021-10-10,36.33,37.45,34.13,34.43,13147574.66,1633910399999,473745609.4813,784594,6380132.32,230199246.08400002,0
2021-10-11,34.42,36.09,33.25,34.13,11467492.31,1633996799999,399306003.0663,469155,5554380.31,193451237.5254,0
2021-10-12,34.12,34.17,32.25,32.58,5767823.77,1634083199999,191247525.0303,245708,2822938.71,93559167.3485,0
2021-10-12 00:00:00,34.12,34.17,32.07,33.46,7206737.01,1634083199999,238299691.8772,306713,3552416.58,117435781.7943,0
2021-10-12 00:00:00,34.12,35.43,32.07,35.17,13326459.4,1634083199999,447030078.0177,620021,6600486.59,221453922.853,0
2021-10-13 00:00:00,35.16,43.22,33.57,41.69,36492731.213,1634169599999,1421849266.390259,2504028,18788022.149,733154548.1088591,0
2021-10-14 00:00:00,41.69,42.54,39.33,40.71,20178003.61,1634255999999,827523963.6019,1204347,9911585.18,406728403.4028,0
2021-10-15 00:00:00,40.69,44.24,39.45,43.28,22085746.426,1634342399999,916993507.3456119,1533664,11113666.652,461835149.659762,0
2021-10-16 00:00:00,43.27,44.78,41.26,41.75,13673173.229,1634428799999,587677170.4371512,821141,6580419.865,283013235.76795095,0
2021-10-17 00:00:00,41.74,42.87,39.52,42.12,10386680.07,1634515199999,433074569.9368,526261,5098971.01,212724275.165,0
2021-10-18 00:00:00,42.11,43.25,40.25,41.17,10911226.84,1634601599999,455982949.0426,550249,5379883.56,224965969.4865,0
2021-10-19 00:00:00,41.16,41.6,40.01,40.45,5338126.38,1634687999999,218510568.1306,235112,2638717.9,108038396.655,0
2021-10-19 00:00:00,41.16,41.65,40.01,41.34,8843904.77,1634687999999,362263239.5587,405631,4348498.91,178144556.6163,0
2021-10-20 00:00:00,41.35,45.22,41.08,44.42,13310248.053,1634774399999,575094186.704693,991320,6712863.577,290095527.499643,0
2021-10-21 00:00:00,44.41,45.53,41.91,42.84,14782015.916,1634860799999,646186612.180047,1014715,7144307.296,312401801.051147,0
2021-10-22 00:00:00,42.83,46.39,42.68,43.51,16062749.38,1634947199999,715523454.98632,1241116,7932942.97,353558696.92117,0
2021-10-23 00:00:00,43.5,44.79,43.08,43.95,6138290.14,1635033599999,269684423.4478,441867,2996353.19,131648542.8853,0
2021-10-24 00:00:00,43.94,44.17,43.2,43.6,2143604.4,1635119999999,93610269.1447,96416,1057721.18,46193483.7093,0
2021-10-24 00:00:00,43.94000000,44.17000000,43.20000000,43.40000000,2268078.35000000,1635119999999,99023147.28110000,102137,1121642.61000000,48973597.19640000,0
